date	day	aircraft	helicopter	tank	APC	field artillery	MRL	military auto	fuel tank	drone	naval ship	anti-aircraft warfare	special equipment	mobile SRBM system	greatest losses direction	vehicles and fuel tanks	cruise missiles	submarines
20-04-2025	1152	370	335	10677	22271	26649	1368			33240	28	1139	3859			45274	3148	1
19-04-2025	1151	370	335	10676	22266	26600	1368			33176	28	1139	3858			45162	3148	1
18-04-2025	1150	370	335	10662	22257	26530	1367			33065	28	1136	3858			44954	3145	1
17-04-2025	1149	370	335	10654	22217	26442	1366			32925	28	1135	3807			44642	3145	1
16-04-2025	1148	370	335	10638	22163	26377	1364			32837	28	1132	3804			44472	3145	1
15-04-2025	1147	370	335	10629	22150	26290	1364			32691	28	1132	3801			44339	3145	1
14-04-2025	1146	370	335	10622	22130	26222	1362			32544	28	1130	3801			44129	3145	1
13-04-2025	1145	370	335	10603	22088	26163	1362			32425	28	1128	3799			43950	3145	1
12-04-2025	1144	370	335	10591	22055	26092	1362			32278	28	1127	3798			43807	3145	1
11-04-2025	1143	370	335	10580	22048	26043	1360			32200	28	1127	3798			43679	3145	1
10-04-2025	1142	370	335	10579	22033	25982	1359			32078	28	1127	3796			43514	3145	1
09-04-2025	1141	370	335	10576	22021	25912	1359			31973	28	1127	3792			43345	3145	1
08-04-2025	1140	370	335	10572	22011	25860	1359			31917	28	1126	3792			43227	3145	1
07-04-2025	1139	370	335	10567	21997	25817	1356			31874	28	1124	3790			43120	3145	1
06-04-2025	1138	370	335	10554	21972	25786	1354			31846	28	1124	3789			43050	3130	1
05-04-2025	1137	370	335	10541	21952	25730	1350			31778	28	1124	3788			42954	3130	1
04-04-2025	1136	370	335	10528	21932	25663	1349			31669	28	1123	3787			42841	3123	1
03-04-2025	1135	370	335	10521	21902	25625	1348			31597	28	1123	3787			42775	3123	1
02-04-2025	1134	370	335	10515	21880	25576	1347			31505	28	1123	3787			42687	3123	1
01-04-2025	1133	370	335	10505	21856	25552	1347			31462	28	1123	3787			42646	3123	1
31-03-2025	1132	370	335	10496	21819	25537	1347			31416	28	1123	3787			42593	3121	1
30-03-2025	1131	370	335	10492	21816	25507	1347			31345	28	1122	3787			42528	3121	1
29-03-2025	1130	370	335	10478	21796	25451	1345			31234	28	1122	3787			42398	3121	1
28-03-2025	1129	370	335	10455	21762	25387	1344			31070	28	1119	3787			42280	3121	1
27-03-2025	1128	370	335	10438	21701	25265	1343			30926	28	1118	3787			42070	3121	1
26-03-2025	1127	370	335	10430	21685	25207	1341			30818	28	1117	3786			41901	3121	1
25-03-2025	1126	370	335	10425	21670	25190	1341			30759	28	1117	3785			41824	3121	1
24-03-2025	1125	370	335	10420	21652	25129	1338			30641	28	1117	3785			41726	3121	1
23-03-2025	1124	370	331	10412	21636	25048	1333			30495	28	1116	3784			41610	3121	1
22-03-2025	1123	370	331	10403	21609	24944	1327			30338	28	1111	3782			41425	3121	1
21-03-2025	1122	370	331	10394	21589	24848	1324			30080	28	1111	3782			41259	3121	1
20-03-2025	1121	370	331	10377	21561	24747	1322			29895	28	1110	3780			41094	3121	1
19-03-2025	1120	370	331	10364	21523	24704	1320			29716	28	1107	3780			41003	3121	1
18-03-2025	1119	370	331	10352	21509	24640	1319			29616	28	1107	3780			40892	3121	1
17-03-2025	1118	370	331	10344	21489	24598	1318			29467	28	1104	3778			40785	3121	1
16-03-2025	1117	370	331	10325	21478	24561	1317			29413	28	1104	3777			40684	3121	1
15-03-2025	1116	370	331	10315	21458	24483	1315			29233	28	1103	3777			40571	3121	1
14-03-2025	1115	370	331	10313	21443	24455	1314			29136	28	1103	3777			40469	3121	1
13-03-2025	1114	370	331	10307	21432	24409	1314			28983	28	1103	3777			40355	3121	1
12-03-2025	1113	370	331	10306	21430	24390	1314			28912	28	1103	3777			40274	3121	1
11-03-2025	1112	370	331	10303	21423	24346	1313			28801	28	1103	3775			40205	3121	1
10-03-2025	1111	370	331	10292	21400	24271	1311			28603	28	1102	3773			40071	3120	1
09-03-2025	1110	370	331	10274	21360	24206	1310			28362	28	1101	3773			39933	3120	1
08-03-2025	1109	370	331	10268	21346	24148	1307			28172	28	1099	3772			39791	3120	1
07-03-2025	1108	370	331	10264	21334	24124	1306			28024	28	1096	3769			39678	3085	1
06-03-2025	1107	370	331	10261	21311	24108	1306			27929	28	1096	3769			39606	3085	1
05-03-2025	1106	370	331	10256	21304	24087	1306			27849	28	1094	3769			39512	3085	1
04-03-2025	1105	370	331	10255	21298	24064	1306			27741	28	1094	3768			39428	3085	1
03-03-2025	1104	370	331	10252	21290	24019	1306			27655	28	1093	3768			39327	3085	1
02-03-2025	1103	370	331	10241	21274	23959	1306			27594	28	1091	3768			39218	3085	1
01-03-2025	1102	370	331	10233	21249	23908	1304			27402	28	1088	3763			39101	3085	1
28-02-2025	1101	370	331	10222	21234	23847	1303			27274	28	1087	3763			38994	3085	1
27-02-2025	1100	370	331	10209	21196	23755	1299			27102	28	1086	3760			38842	3064	1
26-02-2025	1099	370	331	10201	21183	23686	1299			26961	28	1085	3759			38702	3064	1
25-02-2025	1098	370	331	10182	21168	23652	1299			26767	28	1083	3759			38582	3064	1
24-02-2025	1097	370	331	10177	21157	23626	1299			26645	28	1081	3757			38444	3064	1
23-02-2025	1096	370	331	10168	21151	23582	1296			26428	28	1081	3757			38334	3064	1
22-02-2025	1095	370	331	10161	21139	23528	1295			26311	28	1080	3754			38234	3064	1
21-02-2025	1094	370	331	10146	21130	23462	1295			26156	28	1080	3753			38104	3064	1
20-02-2025	1093	370	331	10134	21112	23410	1291			26021	28	1078	3752			37961	3064	1
19-02-2025	1092	370	331	10120	21098	23347	1288			25861	28	1072	3752			37825	3064	1
18-02-2025	1091	370	331	10101	21075	23275	1285			25686	28	1068	3751			37679	3064	1
17-02-2025	1090	370	331	10089	21063	23222	1283			25505	28	1067	3750			37605	3063	1
16-02-2025	1089	370	331	10073	21011	23185	1283			25377	28	1067	3749			37456	3063	1
15-02-2025	1088	370	331	10068	20927	23174	1283			25341	28	1067	3747			37379	3063	1
14-02-2025	1087	370	331	10057	20910	23115	1282			25224	28	1066	3745			37252	3063	1
13-02-2025	1086	370	331	10040	20894	23034	1278			25072	28	1063	3744			37096	3063	1
12-02-2025	1085	370	331	10023	20871	22976	1276			24919	28	1061	3742			36928	3057	1
11-02-2025	1084	370	331	10014	20844	22923	1275			24755	28	1060	3741			36807	3056	1
10-02-2025	1083	370	331	10001	20813	22879	1273			24623	28	1059	3740			36638	3054	1
09-02-2025	1082	370	331	9992	20797	22844	1273			24486	28	1056	3739			36529	3054	1
08-02-2025	1081	369	331	9981	20777	22820	1273			24403	28	1056	3738			36402	3054	1
07-02-2025	1080	369	331	9975	20755	22785	1271			24301	28	1056	3738			36307	3054	1
06-02-2025	1079	369	331	9965	20737	22753	1271			24185	28	1055	3737			36211	3054	1
05-02-2025	1078	369	331	9947	20721	22707	1269			24102	28	1053	3735			36078	3054	1
04-02-2025	1077	369	331	9938	20709	22655	1269			24003	28	1053	3733			35921	3054	1
03-02-2025	1076	369	331	9920	20685	22589	1268			23911	28	1053	3731			35798	3054	1
02-02-2025	1075	369	331	9908	20667	22538	1267			23793	28	1050	3729			35709	3054	1
01-02-2025	1074	369	331	9902	20653	22493	1266			23694	28	1050	3727			35629	3054	1
31-01-2025	1073	369	331	9893	20631	22445	1265			23573	28	1050	3726			35552	3054	1
30-01-2025	1072	369	331	9890	20614	22412	1264			23510	28	1050	3725			35451	3054	1
29-01-2025	1071	369	331	9886	20597	22395	1264			23456	28	1050	3721			35366	3054	1
28-01-2025	1070	369	331	9876	20573	22366	1263			23399	28	1050	3718			35269	3053	1
27-01-2025	1069	369	331	9871	20561	22339	1263			23327	28	1050	3716			35183	3053	1
26-01-2025	1068	369	331	9868	20549	22323	1263			23253	28	1050	3715			35124	3053	1
25-01-2025	1067	369	331	9859	20545	22309	1263			23213	28	1050	3715			35071	3053	1
24-01-2025	1066	369	331	9852	20508	22295	1263			23162	28	1050	3715			34992	3051	1
23-01-2025	1065	369	331	9850	20497	22256	1262			23111	28	1050	3714			34905	3051	1
22-01-2025	1064	369	331	9844	20485	22194	1262			23039	28	1050	3711			34837	3051	1
21-01-2025	1063	369	331	9833	20477	22134	1262			22898	28	1050	3710			34682	3051	1
20-01-2025	1062	369	331	9821	20454	22074	1262			22768	28	1049	3706			34488	3051	1
19-01-2025	1061	369	331	9811	20412	22055	1262			22615	28	1046	3700			34401	3051	1
18-01-2025	1060	369	331	9803	20394	22040	1262			22579	28	1046	3699			34325	3049	1
17-01-2025	1059	369	331	9803	20381	22019	1262			22566	28	1046	3699			34256	3049	1
16-01-2025	1058	369	331	9791	20368	22015	1262			22503	28	1046	3697			34132	3049	1
15-01-2025	1057	369	331	9780	20348	21975	1262			22383	28	1046	3696			33995	3018	1
14-01-2025	1056	369	331	9767	20326	21923	1262			22276	28	1044	3696			33791	3018	1
13-01-2025	1055	369	331	9764	20315	21876	1261			22204	28	1044	3695			33708	3018	1
12-01-2025	1054	369	331	9756	20289	21839	1260			22021	28	1042	3694			33598	3018	1
11-01-2025	1053	369	331	9751	20271	21817	1260			21958	28	1042	3692			33534	3017	1
10-01-2025	1052	369	331	9741	20253	21789	1260			21884	28	1041	3689			33473	3017	1
09-01-2025	1051	369	331	9731	20221	21765	1260			21813	28	1038	3686			33387	3014	1
08-01-2025	1050	369	331	9714	20205	21729	1260			21727	28	1038	3681			33307	3014	1
07-01-2025	1049	369	331	9710	20189	21710	1260			21708	28	1038	3681			33226	3014	1
06-01-2025	1048	369	331	9700	20164	21665	1258			21625	28	1034	3681			33056	3006	1
05-01-2025	1047	369	331	9686	20119	21603	1257			21447	28	1032	3677			32940	3006	1
04-01-2025	1046	369	331	9679	20093	21578	1257			21356	28	1032	3675			32843	3006	1
03-01-2025	1045	369	330	9677	20070	21555	1257			21249	28	1032	3675			32770	3003	1
02-01-2025	1044	369	330	9676	20056	21552	1256			21200	28	1032	3675			32729	3003	1
01-01-2025	1043	369	330	9672	20043	21532	1256			21131	28	1032	3672			32675	3003	1
31-12-2024	1042	369	329	9668	20030	21528	1256			21081	28	1032	3671			32626	3003	1
30-12-2024	1041	369	329	9663	20003	21494	1256			21069	28	1032	3670			32551	3003	1
29-12-2024	1040	369	329	9656	19981	21450	1256			21038	28	1032	3670			32410	3003	1
28-12-2024	1039	369	329	9651	19970	21408	1256			21013	28	1032	3668			32328	3003	1
27-12-2024	1038	369	329	9644	19951	21379	1256			20999	28	1032	3668			32262	3003	1
26-12-2024	1037	369	329	9630	19933	21357	1256			20971	28	1031	3667			32180	3003	1
25-12-2024	1036	369	329	9628	19923	21333	1256			20908	28	1030	3667			32117	2948	1
24-12-2024	1035	369	329	9624	19915	21323	1256			20834	28	1030	3667			32086	2948	1
23-12-2024	1034	369	329	9615	19885	21313	1256			20790	28	1030	3664			32039	2948	1
22-12-2024	1033	369	329	9609	19870	21284	1256			20735	28	1030	3662			31972	2947	1
21-12-2024	1032	369	329	9594	19841	21252	1256			20685	28	1027	3662			31891	2947	1
20-12-2024	1031	369	329	9584	19823	21220	1256			20600	28	1027	3662			31793	2943	1
19-12-2024	1030	369	329	9576	19799	21178	1256			20521	28	1026	3656			31678	2943	1
18-12-2024	1029	369	329	9571	19772	21164	1256			20470	28	1025	3652			31610	2943	1
17-12-2024	1028	369	329	9567	19751	21159	1256			20406	28	1025	3650			31550	2943	1
16-12-2024	1027	369	329	9563	19736	21151	1256			20372	28	1025	3650			31480	2943	1
15-12-2024	1026	369	329	9551	19707	21128	1256			20356	28	1025	3648			31398	2943	1
14-12-2024	1025	369	329	9539	19675	21102	1253			20229	28	1023	3644			31217	2861	1
13-12-2024	1024	369	329	9537	19675	21078	1253			20176	28	1023	3642			31177	2861	1
12-12-2024	1023	369	329	9532	19644	21072	1253			20111	28	1023	3642			31127	2861	1
11-12-2024	1022	369	329	9526	19616	21067	1253			20111	28	1023	3641			31073	2859	1
10-12-2024	1021	369	329	9524	19596	21064	1253			20107	28	1023	3637			31037	2859	1
09-12-2024	1020	369	329	9519	19589	21061	1253			20093	28	1023	3636			30989	2859	1
08-12-2024	1019	369	329	9519	19571	21058	1253			20071	28	1023	3635			30965	2857	1
07-12-2024	1018	369	329	9514	19535	21055	1253			20042	28	1022	3633			30948	2857	1
06-12-2024	1017	369	329	9514	19518	21043	1253			20023	28	1020	3633			30899	2857	1
05-12-2024	1016	369	329	9506	19472	21023	1253			19977	28	1020	3630			30843	2855	1
04-12-2024	1015	369	329	9493	19450	21002	1253			19946	28	1020	3628			30746	2855	1
03-12-2024	1014	369	329	9486	19419	20976	1253			19917	28	1019	3627			30666	2855	1
02-12-2024	1013	369	329	9478	19397	20953	1253			19886	28	1019	3619			30606	2852	1
01-12-2024	1012	369	329	9469	19369	20923	1253			19803	28	1019	3619			30507	2852	1
30-11-2024	1011	369	329	9463	19355	20909	1253			19792	28	1019	3617			30431	2851	1
29-11-2024	1010	369	329	9458	19339	20886	1255			19750	28	1006	3700			30272	2851	1
28-11-2024	1009	369	329	9450	19306	20852	1255			19661	28	1005	3697			30186	2765	1
27-11-2024	1008	369	329	9449	19304	20830	1255			19616	28	1005	3687			30126	2765	1
26-11-2024	1007	369	329	9435	19256	20806	1254			19552	28	1004	3683			30042	2765	1
25-11-2024	1006	369	329	9429	19236	20787	1254			19480	28	1004	3681			29948	2764	1
24-11-2024	1005	369	329	9423	19209	20765	1254			19366	28	1004	3679			29864	2764	1
23-11-2024	1004	369	329	9419	19192	20760	1254			19365	28	1004	3678			29850	2764	1
22-11-2024	1003	369	329	9399	19156	20736	1254			19260	28	1004	3675			29777	2764	1
21-11-2024	1002	369	329	9398	19143	20731	1253			19259	28	1003	3674			29745	2756	1
20-11-2024	1001	369	329	9390	19119	20681	1252			19202	28	1001	3674			29648	2756	1
19-11-2024	1000	369	329	9382	19092	20632	1252			19111	28	999	3672			29548	2754	1
18-11-2024	999	369	329	9365	19059	20586	1252			19073	28	999	3655			29428	2753	1
17-11-2024	998	369	329	9350	19021	20556	1252			18974	28	999	3653			29321	2641	1
16-11-2024	997	369	329	9338	18994	20520	1252			18914	28	999	3651			29236	2641	1
15-11-2024	996	369	329	9330	18968	20492	1252			18886	28	999	3645			29167	2641	1
14-11-2024	995	369	329	9319	18947	20472	1252			18852	28	997	3629			29090	2640	1
13-11-2024	994	369	329	9300	18896	20408	1249			18798	28	996	3629			28966	2636	1
12-11-2024	993	369	329	9276	18847	20352	1249			18737	28	996	3626			28870	2636	1
11-11-2024	992	369	329	9253	18766	20314	1245			18676	28	996	3620			28802	2636	1
10-11-2024	991	369	329	9249	18726	20280	1245			18619	28	996	3604			28683	2634	1
09-11-2024	990	369	329	9238	18697	20249	1245			18575	28	996	3604			28561	2634	1
08-11-2024	989	369	329	9233	18661	20226	1245			18526	28	996	3602			28495	2631	1
07-11-2024	988	369	329	9224	18612	20194	1245			18408	28	996	3596			28411	2631	1
06-11-2024	987	369	329	9214	18592	20170	1245			18366	28	996	3588			28333	2631	1
05-11-2024	986	369	329	9208	18581	20150	1245			18309	28	996	3587			28278	2631	1
04-11-2024	985	369	329	9193	18538	20121	1245			18280	28	994	3587			28237	2629	1
03-11-2024	984	369	329	9182	18523	20086	1244			18187	28	994	3584			28160	2629	1
02-11-2024	983	369	329	9170	18487	20076	1244			18117	28	994	3583			28114	2628	1
01-11-2024	982	369	329	9162	18470	20039	1244			18088	28	994	3579			28028	2628	1
31-10-2024	981	369	329	9156	18450	20013	1243			18063	28	994	3570			27961	2627	1
30-10-2024	980	369	329	9137	18433	19955	1242			17979	28	986	3567			27840	2625	1
29-10-2024	979	369	329	9129	18404	19917	1241			17939	28	984	3566			27749	2625	1
28-10-2024	978	369	329	9120	18395	19872	1240			17867	28	984	3556			27660	2625	1
27-10-2024	977	369	329	9113	18355	19821	1240			17799	28	984	3542			27560	2625	1
26-10-2024	976	369	329	9109	18332	19782	1240			17726	28	984	3541			27460	2625	1
25-10-2024	975	369	329	9097	18287	19753	1238			17670	28	982	3535			27365	2625	1
24-10-2024	974	369	329	9090	18254	19719	1236			17597	28	981	3513			27286	2625	1
23-10-2024	973	369	329	9088	18229	19674	1234			17489	28	981	3509			27217	2625	1
22-10-2024	972	369	329	9079	18199	19623	1234			17404	28	981	3499			27111	2625	1
21-10-2024	971	369	329	9071	18175	19589	1232			17333	28	979	3479			27034	2624	1
20-10-2024	970	369	329	9047	18111	19565	1232			17287	28	978	3476			26987	2624	1
19-10-2024	969	369	329	9035	18072	19548	1232			17230	28	978	3473			26946	2623	1
18-10-2024	968	369	329	9027	18053	19533	1232			17152	28	978	3448			26908	2620	1
